{"cameraMode":{"drawMode":0,"name":"Shaded","section":"Shading Mode"},"sceneLighting":true,"audioPlay":false,"sceneViewState":{"showFog":true,"showMaterialUpdate":false,"showSkybox":true,"showFlares":true,"showImageEffects":true,"showParticleSystems":true},"in2DMode":false,"pivot":{"x":5.137248516082764,"y":-0.2531958222389221,"z":-0.7587220668792725},"rotation":{"x":-0.14067307114601136,"y":-0.0483970083296299,"z":0.006885753478854895,"w":-0.9888485670089722},"size":2.810483694076538,"orthographic":false}