{"cameraMode":{"drawMode":0,"name":"Shaded","section":"Shading Mode"},"sceneLighting":true,"audioPlay":false,"sceneViewState":{"showFog":true,"showMaterialUpdate":false,"showSkybox":true,"showFlares":true,"showImageEffects":true,"showParticleSystems":true},"in2DMode":false,"pivot":{"x":-1.5333316326141358,"y":-2.182558059692383,"z":3.7242588996887209},"rotation":{"x":-0.29918980598449709,"y":0.1609932780265808,"z":-0.05128910392522812,"w":-0.939114511013031},"size":12.492066383361817,"orthographic":false}