{"cameraMode":{"drawMode":0,"name":"Shaded","section":"Shading Mode"},"sceneLighting":true,"audioPlay":false,"sceneViewState":{"showFog":true,"showMaterialUpdate":false,"showSkybox":true,"showFlares":true,"showImageEffects":true,"showParticleSystems":true},"in2DMode":false,"pivot":{"x":-4.794968605041504,"y":8.585988998413086,"z":-14.897247314453125},"rotation":{"x":0.2933788001537323,"y":-0.053633950650691989,"z":0.015974022448062898,"w":0.9543569684028626},"size":22.0,"orthographic":false}